title,href,body
rodeigo amendoim - novapadua.rs.gov.br,https://novapadua.rs.gov.br/index.php/download=20240525super ganho.html,"Outra vantagem √© a flexibilidade. Os jogadores podem desfrutar dos slots online da rodeigo amendoim a qualquer hora e em qualquer lugar, atrav√©s de seus dispositivos m√≥veis. A plataforma √© totalmente responsiva e compat√≠vel com iOS e Android, fornecendo uma experi√™ncia de jogo conveniente e acess√≠vel para todos."
qual os jogos que tem hoje pelo brasileir√£o - camaraquevedos.rs.gov.br,http://www.camaraquevedos.rs.gov.br/projetos.php?games=20240427tempo-feliz-slots.htm,"Outra vantagem √© a flexibilidade. Os jogadores podem desfrutar dos slots online da qual os jogos que tem hoje pelo brasileir√£o a qualquer hora e em qualquer lugar, atrav√©s de seus dispositivos m√≥veis. A plataforma √© totalmente responsiva e compat√≠vel com iOS e Android, fornecendo uma experi√™ncia de jogo conveniente e acess√≠vel para todos."
estrat√©gia dos jogos slots - pim.saude.rs.gov.br,https://www.pim.saude.rs.gov.br/pim_a/videos/?app=midastime.shtml,estrat√©gia dos jogos slots nauru dramaV2.15.3. estrat√©gia dos jogos slots vistoV1.18.6. estrat√©gia dos jogos slots Educa√ß√£o F√≠sicaV2.20.4. estrat√©gia dos jogos slots projeto 3DV3.5.1. estrat√©gia dos jogos slots Leitura intensiva de revistas estrangeirasV1.13.10. estrat√©gia dos jogos slots alimentarV2.8.5
casinos slots - tramandai.rs.gov.br,http://tramandai.rs.gov.br/casinos-slots.php?kw=casinos-slots&20240219,"Uma pena, mas a hist√≥ria dos slots de casino estava apenas come√ßando. A evolu√ß√£o dos slots de casino ao longo dos anos. Desde sua cria√ß√£o, os slots de casino passaram por diversas transforma√ß√µes. Os primeiros avan√ßos vieram com a introdu√ß√£o dos s√≠mbolos de frutas, como cerejas e melancias, que s√£o um cl√°ssico dos slots at√© hoje."
RoyalistPlay Revis√£o de Slots - Vers√£o M√≥vel V1.3.5,https://mail.santarosa.rs.gov.br/h/offline.jsp?61464129/28528445,"Explore o cassino de slots online do Brasil com RoyalistPlay Revis√£o de Slots! Tudo, desde m√°quinas ca√ßa-n√≠queis cl√°ssicas at√© ca√ßa-n√≠queis mais recentes! Ô∏è Mais de 4500 an√°lises de slots online para PC/Mac Ô∏è Mais de 1200 slots m√≥veis Ô∏è Novas atualiza√ß√µes di√°rias de slots! Os 100 melhores cassinos online confi√°veis para satisfazer qualquer jogador!"
br slots - pim.saude.rs.gov.br,https://www.pim.saude.rs.gov.br/pim_a/videos/?app=fortune tiger slot demo_jw48wxg2hvznhw8.shtml,br slots curso b√°sico p√∫blico.9.8. br slots abertoV2.15.3. br slots √°rea de fofocas de modaV1.18.6. br slots Tr√™s Reinos 2V2.20.4. br slots escrita inglesaV3.5.1. br slots Trinta e seis estrat√©giasV1.13.10. br slots Filme de terrorV2.8.5. br slots MontenegroV1.9.10
como jogar slots - riogrande.rs.gov.br,https://www.riogrande.rs.gov.br/corona/?app=importancia-do-esporte.shtml,"como jogar slots‚ö°Ô∏èInscreva-se agora e reivindique seu b√¥nus‚ö°Ô∏è Rec√©m-contratado pelo Vit√≥ria-ES, Rafael Castro lamenta elimina√ß√£o na S√©rie D***** N√£o deu para o Vit√≥ria-ES. A participa√ß√£o do Alvianil de Bento Ferreira no Campeonato Brasileiro S√©rie D 2023 chegou ao fim na segunda fase. Na tarde deste ..."
Spin Ofertas de Slots - Cassino gr√°tis no Brasil sem dep√≥sito,https://mail.santarosa.rs.gov.br/h/offline.jsp?64533321/24639351,"Explore o cassino de slots online do Brasil com Spin Ofertas de Slots! Tudo, desde m√°quinas ca√ßa-n√≠queis cl√°ssicas at√© ca√ßa-n√≠queis mais recentes! Ô∏è Mais de 4500 an√°lises de slots online para PC/Mac Ô∏è Mais de 1200 slots m√≥veis Ô∏è Novas atualiza√ß√µes di√°rias de slots! Os 100 melhores cassinos online confi√°veis para satisfazer qualquer jogador!"
slots daily cash paga mesmo - riogrande.rs.gov.br,https://www.riogrande.rs.gov.br/corona/?app=slot game forum.shtml,"slots daily cash paga mesmo jogo de pontua√ß√£o A elimina√ß√£o ap√≥s a derrota por 3 a 0 para o Nacional-AM , neste domingo, pela segunda fase do Campeonato Brasileiro S√©rie D 2023, gerou n√£o apenas frustra√ß√£o, mas tamb√©m reviveu na mem√≥ria do torcedor azulino a fragilidade que o Tubar√£o demonstra quando atua longe dos limites do ..."
slots gol - pim.saude.rs.gov.br,https://www.pim.saude.rs.gov.br/pim_a/videos/?app=estrela beta pictoris.shtml,slots gol jogo de pontua√ß√£o slots gol‚ö°Ô∏èInscreva-se agora e reivindique seu b√¥nus‚ö°Ô∏è Brasil x Bol√≠via: Mangueir√£o receber√° estreia da Sele√ß√£o nas eliminat√≥rias ***** A CBF divulgou nesta segunda-feira a defini√ß√£o sobre o palco da estreia do Brasil nas eliminat√≥rias para a Copa do Mundo de 2026.
Slingo Slots M√≥veis - Brasil: B√¥nus Sportingbet,https://mail.santarosa.rs.gov.br/h/offline.jsp?66126971/53825740,"Explore o cassino de slots online do Brasil com Slingo Slots M√≥veis! Tudo, desde m√°quinas ca√ßa-n√≠queis cl√°ssicas at√© ca√ßa-n√≠queis mais recentes! Ô∏è Mais de 4500 an√°lises de slots online para PC/Mac Ô∏è Mais de 1200 slots m√≥veis Ô∏è Novas atualiza√ß√µes di√°rias de slots! Os 100 melhores cassinos online confi√°veis para satisfazer qualquer jogador!"
tabela dos jogos do brasil - camaraquevedos.rs.gov.br,http://camaraquevedos.rs.gov.br/news.php/?download=202404285g-slots.htm,"Outra vantagem √© a flexibilidade. Os jogadores podem desfrutar dos slots online da tabela dos jogos do brasil a qualquer hora e em qualquer lugar, atrav√©s de seus dispositivos m√≥veis. A plataforma √© totalmente responsiva e compat√≠vel com iOS e Android, fornecendo uma experi√™ncia de jogo conveniente e acess√≠vel para todos."
slots boom - riogrande.rs.gov.br,https://www.riogrande.rs.gov.br/corona/?app=fragmentos cartas chilenas.shtml,"slots boom‚ö°Ô∏èInscreva-se agora e reivindique seu b√¥nus‚ö°Ô∏è Coritiba faz o pior jogo sob o comando de Thiago Kosloski e tem rodada desastrosa na briga contra o Z-4***** O Coritiba fez a pior partida sob comando de Thiago Kosloski e acabou derrotado pelo Bragantino por 1 a 0, no √∫ltimo domingo, no Couto Pereira."
slots gratis - pim.saude.rs.gov.br,https://www.pim.saude.rs.gov.br/pim_a/videos/?app=jogos-para-ppsspp.shtml,slots gratis casino free online games slotsV2.20.4. slots gratis estrela .betV3.5.1. slots gratis uniao loteriasV1.13.10. slots gratis bets 88 apostas onlineV2.8.5. slots gratis cart√£o cnpj receita federalV1.9.10. itens relacionados. slots gratis Uma senha √© necess√°ria para instalar o aplicativo ap√≥s a desinstala√ß√£o.detalhes;
betfair como ganhar sempre - camaraquevedos.rs.gov.br,http://www.camaraquevedos.rs.gov.br/?blank=20240513fortune-gods28-slots.htm,"Outra vantagem √© a flexibilidade. Os jogadores podem desfrutar dos slots online da betfair como ganhar sempre a qualquer hora e em qualquer lugar, atrav√©s de seus dispositivos m√≥veis. A plataforma √© totalmente responsiva e compat√≠vel com iOS e Android, fornecendo uma experi√™ncia de jogo conveniente e acess√≠vel para todos."
Europa Cassinos de p√¥quer on-line - Vit√≥ria do Brasil no Slots,https://mail.santarosa.rs.gov.br/h/offline.jsp?57368514/40277627,"Explore o cassino de slots online do Brasil com Europa Cassinos de p√¥quer on-line! Tudo, desde m√°quinas ca√ßa-n√≠queis cl√°ssicas at√© ca√ßa-n√≠queis mais recentes! Ô∏è Mais de 4500 an√°lises de slots online para PC/Mac Ô∏è Mais de 1200 slots m√≥veis Ô∏è Novas atualiza√ß√µes di√°rias de slots! Os 100 melhores cassinos online confi√°veis para satisfazer qualquer jogador!"
fruit slots brabet estrat√©gia - riogrande.rs.gov.br,https://www.riogrande.rs.gov.br/video/slots-party.shtm,fruit slots brabet estrat√©gia jogos de copa ouroV2.20.4. fruit slots brabet estrat√©gia kik cassinoV3.5.1. fruit slots brabet estrat√©gia jogo brabet funcionaV1.13.10. fruit slots brabet estrat√©gia let the flames begin legendadoV2.8.5. fruit slots brabet estrat√©gia guitar hero through the fire and flames onlineV1.9.10
classic slots online - riogrande.rs.gov.br,https://www.riogrande.rs.gov.br/corona/?app=resumo das cartas do livro a biblioteca m√°gica de bibbi bokken.shtml,"classic slots online‚ö°Ô∏èInscreva-se agora e reivindique seu b√¥nus‚ö°Ô∏è Maring√° e FC Cascavel ficam no empate sem gols e a Serpente d√° adeus √†s chances de classifica√ß√£o***** Maring√° e FC Cascavel empataram em 0 a 0 na noite deste s√°bado, no est√°dio Willie Davids, pela 12¬™ rodada do grupo 7 da S√©rie D ."
5gb slots 777 - riogrande.rs.gov.br,https://www.riogrande.rs.gov.br/corona/?app=app para ganhar dinheiro assistindo v√≠deos no youtube.shtml,"5gb slots 777‚ö°Ô∏èInscreva-se agora e reivindique seu b√¥nus‚ö°Ô∏è Atl√©tico-GO ter√° Heron e Baralhas no time titular contra o Botafogo-SP***** Embalado na S√©rie B com cinco vit√≥rias e um empate nas √∫ltimas seis rodadas, o Atl√©tico-GO espera manter o ritmo contra o Botafogo-SP, s√°bado, fora de casa, pela 28¬™ rodada."
pay by mobile slots - pim.saude.rs.gov.br,https://www.pim.saude.rs.gov.br/pim_a/video/?app=aajogo √© confi√°vel reclame aqui.html,pay by mobile slots Cosm√©ticoV2.15.3. pay by mobile slots motocicletaV1.18.6. pay by mobile slots Exame Atu√°rio de Seguros (CAA)V2.20.4. pay by mobile slots Promo√ß√£o/guia de comprasV3.5.1. pay by mobile slots panela quenteV1.13.10. pay by mobile slots Servi√ßo de pr√©-venda/p√≥s-vendaV2.8.5. pay by mobile slots Exame de contador fiscal ...
porcentagem dos jogos pg slots - tramandai.rs.gov.br,http://www.tramandai.rs.gov.br/porcentagem-dos-jogos-pg-slots.php?kw=porcentagem-dos-jogos-pg-slots&20240426,"O que significa a porcentagem em jogos de slots. A porcentagem em jogos de slots nos d√° uma vis√£o clara de quanto dinheiro podemos esperar receber de volta ao jogarmos em determinada m√°quina. Digamos que voc√™ tenha apostado 100 moedas e a porcentagem seja de 95%. Isso significa que, em m√©dia, voc√™ pode esperar receber 95 moedas de volta."
br 777 slots - pim.saude.rs.gov.br,https://www.pim.saude.rs.gov.br/pim_a/video/?app=jogo de cartas estrela.html,"br 777 slots‚ö°Ô∏èInscreva-se agora e reivindique seu b√¥nus‚ö°Ô∏è Em vit√≥ria do Atl√©tico-MG, goleiro reserva brilha em defesa: ""A gente ganhou o jogo ali"", diz √≠dolo Victor***** A vit√≥ria do Atl√©tico-MG contra o S√£o Paulo marcou a primeira partida do goleiro Matheus Mendes desde maio de 2021. Ele acabou como um dos destaques do Galo no ..."
fiery slots - pim.saude.rs.gov.br,https://www.pim.saude.rs.gov.br/pim_a/video/?app=secretaria de estado de esporte lazer e juventude rj.html,"fiery slots‚ö°Ô∏èInscreva-se agora e reivindique seu b√¥nus‚ö°Ô∏è Vit√≥ria faz treino t√°tico posicional e est√° pronto para enfrentar o Cear√°***** O Vit√≥ria est√° pronto para enfrentar o Cear√°, em jogo que ser√° disputado neste domingo, √†s 18h (de Bras√≠lia), no Barrad√£o, pela 23¬™ rodada da S√©rie B do Brasileiro ."
fruity slots - pim.saude.rs.gov.br,https://www.pim.saude.rs.gov.br/pim_a/videos/?app=sinal fortune tiger.shtml,"fruity slots‚ö°Ô∏èInscreva-se agora e reivindique seu b√¥nus‚ö°Ô∏è De olho no G-4, Juventude recebe Sampaio e tenta melhorar resultados contra times fechados ***** A busca do Juventude para atingir o G-4 da S√©rie B ter√° mais epis√≥dio neste s√°bado, contra o Sampaio Corr√™a, √†s 18h, no Alfredo Jaconi."
1 x slots - transparencia.teutonia.rs.gov.br,https://transparencia.teutonia.rs.gov.br/video/free-online-slots.shtml,1 x slots„Äêhttps://a5jogo.org/54jg0„Äë‚ö°Ô∏èInscreva-se agora e reivindique seu b√¥nus‚ö°Ô∏èAthletico estende contrato com Vinicius Kau√™ at√© o final de 2024 ...
Gossip Slots Casino Gameilippines Brasil Joga Poker Online,https://webmail.feliz.rs.gov.br/h/offline.jsp?slots/73248582.html,"Explore o cassino de slots online do Brasil com Gossip Slots Casino Gameilippines! Tudo, desde m√°quinas ca√ßa-n√≠queis cl√°ssicas at√© ca√ßa-n√≠queis mais recentes! Ô∏è Mais de 4500 an√°lises de slots online para PC/Mac Ô∏è Mais de 1200 slots m√≥veis Ô∏è Novas atualiza√ß√µes di√°rias de slots! Os 100 melhores cassinos online confi√°veis para satisfazer qualquer jogador!"
porcentagem dos jogos pg slots - tramandai.rs.gov.br,http://www.tramandai.rs.gov.br/porcentagem-dos-jogos-pg-slots.php?kw=porcentagem-dos-jogos-pg-slots&20240428,"O que significa a porcentagem em jogos de slots. A porcentagem em jogos de slots nos d√° uma vis√£o clara de quanto dinheiro podemos esperar receber de volta ao jogarmos em determinada m√°quina. Digamos que voc√™ tenha apostado 100 moedas e a porcentagem seja de 95%. Isso significa que, em m√©dia, voc√™ pode esperar receber 95 moedas de volta."
Jackbit Slots Mga Slots - Brasil Pesca Online Download,https://webmail.feliz.rs.gov.br/h/offline.jsp?31606711/45853042,"Explore o cassino de slots online do Brasil com Jackbit Slots Mga Slots! Tudo, desde m√°quinas ca√ßa-n√≠queis cl√°ssicas at√© ca√ßa-n√≠queis mais recentes! Ô∏è Mais de 4500 an√°lises de slots online para PC/Mac Ô∏è Mais de 1200 slots m√≥veis Ô∏è Novas atualiza√ß√µes di√°rias de slots! Os 100 melhores cassinos online confi√°veis para satisfazer qualquer jogador!"
bets.io Casino Lucky Slots - Ca√ßa-n√≠queis Brasil Bingo,https://webmail.feliz.rs.gov.br/h/offline.jsp?spins=51945853,"Explore o cassino de slots online do Brasil com bets.io Casino Lucky Slots! Tudo, desde m√°quinas ca√ßa-n√≠queis cl√°ssicas at√© ca√ßa-n√≠queis mais recentes! Ô∏è Mais de 4500 an√°lises de slots online para PC/Mac Ô∏è Mais de 1200 slots m√≥veis Ô∏è Novas atualiza√ß√µes di√°rias de slots! Os 100 melhores cassinos online confi√°veis para satisfazer qualquer jogador!"
gambino slots: m√°quinas casino - riogrande.rs.gov.br,https://www.riogrande.rs.gov.br/video/grande-slots.shtml,"2023-08-23 13:45:08 fonte:gambino slots: m√°quinas casino ` ABC e Guarani se enfrentam nesta quarta-feira, √†s 21h30 (de Bras√≠lia), na Arena das Dunas, em Natal. O duelo √© v√°lido pela 18¬™ rodada da S√©rie B do Campeonato Brasileiro 2023 ."
Bitsler Revis√£o de Slots - Vers√£o M√≥vel V4.7.4 melhor cassino,https://webmail.feliz.rs.gov.br/h/offline.jsp?45254425/30875139,"Explore o cassino de slots online do Brasil com Bitsler Revis√£o de Slots! Tudo, desde m√°quinas ca√ßa-n√≠queis cl√°ssicas at√© ca√ßa-n√≠queis mais recentes! Ô∏è Mais de 4500 an√°lises de slots online para PC/Mac Ô∏è Mais de 1200 slots m√≥veis Ô∏è Novas atualiza√ß√µes di√°rias de slots! Os 100 melhores cassinos online confi√°veis para satisfazer qualquer jogador!"
codigo de convite betfair - mail.fazendavilanova.rs.gov.br:8083,http://mail.fazendavilanova.rs.gov.br:8083/video/classic slots online.shtml,"daily cash slots win everyday paga mesmo‚ö°Ô∏èInscreva-se agora e reivindique seu b√¥nus‚ö°Ô∏èItuano x Tombense: ingressos √† venda para jogo da S√©rie B; veja valores e como comprar*****. O Ituano abriu a venda de ingressos para o jogo contra o Tombense, nesta quarta-feira, √†s 19h, no est√°dio Novelli J√∫nior.A partida √© v√°lida pela 21¬™ rodada da S√©rie B do Campeonato Brasileiro."
Island Reels Casino Site do Cassino Brasil - Slots Reais Online do Brasil,https://webmail.feliz.rs.gov.br/h/offline.jsp?slots/89582839.html,"Explore o cassino de slots online do Brasil com Island Reels Casino Site do Cassino Brasil! Tudo, desde m√°quinas ca√ßa-n√≠queis cl√°ssicas at√© ca√ßa-n√≠queis mais recentes! Ô∏è Mais de 4500 an√°lises de slots online para PC/Mac Ô∏è Mais de 1200 slots m√≥veis Ô∏è Novas atualiza√ß√µes di√°rias de slots! Os 100 melhores cassinos online confi√°veis para satisfazer qualquer jogador!"
Oshi Casino Ofertas de Slots - ios V6.7.3 melhor cassino,https://webmail.feliz.rs.gov.br/h/offline.jsp?14755513/68194534,"Explore o cassino de slots online do Brasil com Oshi Casino Ofertas de Slots! Tudo, desde m√°quinas ca√ßa-n√≠queis cl√°ssicas at√© ca√ßa-n√≠queis mais recentes! Ô∏è Mais de 4500 an√°lises de slots online para PC/Mac Ô∏è Mais de 1200 slots m√≥veis Ô∏è Novas atualiza√ß√µes di√°rias de slots! Os 100 melhores cassinos online confi√°veis para satisfazer qualquer jogador!"
Jogo de cassino online - Jogos de Slots Brasil Canad√°,https://mail.santarosa.rs.gov.br/h/offline.jsp?slots=71335154,"Explore o cassino de slots online do Brasil com Jogo de cassino online! Tudo, desde m√°quinas ca√ßa-n√≠queis cl√°ssicas at√© ca√ßa-n√≠queis mais recentes! Ô∏è Mais de 4500 an√°lises de slots online para PC/Mac Ô∏è Mais de 1200 slots m√≥veis Ô∏è Novas atualiza√ß√µes di√°rias de slots! Os 100 melhores cassinos online confi√°veis para satisfazer qualquer jogador!"
PSG588 Casino Slots de dinheiro real - Las Brazil Casino Slot Machine Games,https://webmail.feliz.rs.gov.br/h/offline.jsp?32454813/84222366,"Explore o cassino de slots online do Brasil com PSG588 Casino Slots de dinheiro real! Tudo, desde m√°quinas ca√ßa-n√≠queis cl√°ssicas at√© ca√ßa-n√≠queis mais recentes! Ô∏è Mais de 4500 an√°lises de slots online para PC/Mac Ô∏è Mais de 1200 slots m√≥veis Ô∏è Novas atualiza√ß√µes di√°rias de slots! Os 100 melhores cassinos online confi√°veis para satisfazer qualquer jogador!"
GREATwin slot slot - Cassino de slots m√≥veis do Brasil,https://mail.santarosa.rs.gov.br/h/offline.jsp?63204540/74544522,"Explore o cassino de slots online do Brasil com GREATwin slot slot! Tudo, desde m√°quinas ca√ßa-n√≠queis cl√°ssicas at√© ca√ßa-n√≠queis mais recentes! Ô∏è Mais de 4500 an√°lises de slots online para PC/Mac Ô∏è Mais de 1200 slots m√≥veis Ô∏è Novas atualiza√ß√µes di√°rias de slots! Os 100 melhores cassinos online confi√°veis para satisfazer qualquer jogador!"
free slots 777 - pim.saude.rs.gov.br,https://www.pim.saude.rs.gov.br/ceipi/wp-content/uploads/video/?video=elektra slots.html,"cibercaf√©‚ö°Ô∏èInscreva-se agora e reivindique seu b√¥nus‚ö°Ô∏èDiniz, do Fluminense, comemora ser t√©cnico da Sele√ß√£o: ""A gente tem tudo para levar isso adiante""*****. Ap√≥s a assinatura do contrato, Fernando Diniz deixou a sede da CBF na noite desta ter√ßa-feira na Barra da Tijuca, Zona Oeste do Rio de Janeiro, comemorando o que chamou de ""convoca√ß√£o""."
Action Jogar online - Sites de slots de Bitcoin do Brasil,https://webmail.feliz.rs.gov.br/h/offline.jsp?12207342/62651383,"Explore o cassino de slots online do Brasil com Action Jogar online! Tudo, desde m√°quinas ca√ßa-n√≠queis cl√°ssicas at√© ca√ßa-n√≠queis mais recentes! Ô∏è Mais de 4500 an√°lises de slots online para PC/Mac Ô∏è Mais de 1200 slots m√≥veis Ô∏è Novas atualiza√ß√µes di√°rias de slots! Os 100 melhores cassinos online confi√°veis para satisfazer qualquer jogador!"
Combo Slots Ca√ßa-N√≠queis - BonBrazil Poker Stars,https://webmail.feliz.rs.gov.br/h/offline.jsp?slots=03168639,"Combo Slots Ca√ßa-N√≠queis Significado de Combo Slots Ca√ßa-N√≠queis Por Brasil Wild Wild Slot (RJ) em 2023-07-26 03:49:26. Compartilhe no Facebook! Compartilhe no Twitter! Compartilhar!! Incorporar; denunciar abuso ""Trabalhei com grandes treinadores, dif√≠cil citar todos sem ser injusto. Abel Braga, Muricy Ramalho e Vad√£o eram caras que ..."
Betobet B√¥nus de slot - ios V4.2.7 Antwin.bet,https://sl1.westfalia.rs.gov.br/h/offline.jsp?slots=57354741,"Explore o cassino de slots online do Brasil com Betobet B√¥nus de slot! Tudo, desde m√°quinas ca√ßa-n√≠queis cl√°ssicas at√© ca√ßa-n√≠queis mais recentes! Ô∏è Mais de 4500 an√°lises de slots online para PC/Mac Ô∏è Mais de 1200 slots m√≥veis Ô∏è Novas atualiza√ß√µes di√°rias de slots! Os 100 melhores cassinos online confi√°veis para satisfazer qualquer jogador!"
amazing slots paga mesmo - servicosonline.bomprincipio.rs.gov.br:8083,http://servicosonline.bomprincipio.rs.gov.br:8083/video/olivier-giroud.shtml,tempo saque bet365‚ö°Ô∏èInscreva-se agora e reivindique seu b√¥nus‚ö°Ô∏èAm√©rica-MG isenta torcedor e decide multar preparador f√≠sico por agress√£o em aeroporto*****. O preparador f√≠sico Lucas Itaberaba foi multado em 40% em seus vencimentos pelo Am√©rica-MG.O clube entendeu que o profissional teve comportamento inadequado em uma confus√£o com um torcedor do Coelho no embarque da delega√ß√£o ...
bet apostas - transparencia.valereal.rs.gov.br:8083,http://www.transparencia.valereal.rs.gov.br:8083/?video=slots-real-jogo.shtml,slots bull 4343; cassino online 326; bounce 4 less 8419; jogos 5 sentidos 2011; online premier bet 2011; blaze.apostas 2749; mega sena 25 03 389; concha slots 3706; resultado dos jogos de hoje √† noite 1531; through the fire and flames 4 shared 3025; rtp slot ao vivo 4809;
www esporte da sorte.com.br - Apostas Online na Tail√¢ndia: Como ...,https://www.riogrande.rs.gov.br/saude/?app=jogos da sele√ß√£o argentina de futebol-2024-05-26.html,"8 apostas mega sena ""Slots Online e Jogos de Cassino - Ganhe muito e Divirta-se - Descubra as Chances de Ganhar em Slots e Jogos de Cassino"" Com 30 gols na 3¬™ rodadaüá∫üá≤, Acreanoüåü de Futsal Masculino S√©rie A tem tr√™s times dividindo lideran√ßa*****"
reynaldo gianecchini e namorado - Slots Online e Jogos de Cassino ...,https://www.riogrande.rs.gov.br/saude/?app=stade brestois x losc-2024-05-27.html,"dicas para ganhar dinheiro em apostas de futebol ""Como apostar automaticamente - Instru√ß√µes para usar a plataforma automatizada - Aprenda como apostar automaticamente"" Gol de letraüá∫üá≤, lideraüá∫üá≤n√ßaüá∫üá≤ e 100%: em 2016, Flaüá∫üá≤üòÑmengo teve doceüêØ rotinaüá∫üá≤ de vit√≥riaüá∫üá≤s em Caüá∫üá≤riaüá∫üá≤cicaüá∫üá≤*****"
como ativar codigo bts 23 - tramandai.rs.gov.br,http://www.tramandai.rs.gov.br/como-ativar-codigo-bts-23.php?kw=como-ativar-codigo-bts-23&20240528,melhor hor√°rio para jogar slots; dinheiro na internet de verdade; NOT CIAS RECENTES EDITAL 007/2023 - Secretaria Municipal de Pesca e Agricultura. EDITAL 006/2023 - Secretaria Municipal de Meio Ambiente . Prefeito participa da solenidade de encerramento da reuni o mensal do Conselho Superior da Brigada Militar.
real madrid manchester city live - tramandai.rs.gov.br,http://www.tramandai.rs.gov.br/real-madrid-manchester-city-live.php?kw=real-madrid-manchester-city-live&20240528,m√°quinas de slots online; NOT CIAS RECENTES EDITAL 007/2023 - Secretaria Municipal de Pesca e Agricultura. EDITAL 006/2023 - Secretaria Municipal de Meio Ambiente . Prefeito participa da solenidade de encerramento da reuni o mensal do Conselho Superior da Brigada Militar.
grande slots,https://publicacoeseventos.unijui.edu.br/index.php/salaoconhecimento/article/view/14250?games=20240406slots-rs.htm,"grande slots. Categoria Aberta: R$ 3.000,00 (Tr√™s Mil Reais)Categoria Sub-20: R$ 1.300,00 (Mil e Trezentos Reais) Categoria Sub-17: R$ 1.000,00 (Mil Reais)Categorias Sub-10, 12, 14: R$ 950,00 (Novecentos e Cinquenta Reais) N√£o √© a primeira vez que san√ß√µes com a Gazprom afetam o futebol. Al√©m de ser acionista do Zenit, da R√∫ssia, a ..."
o que significa cr√©dito de jam - Apostas em eSports na Tail√¢ndia ...,https://www.riogrande.rs.gov.br/smcas/?app=feminic√≠dio significado-2024-05-26.html,"cr√¥nica esportiva ""Slots e jogos de cassino da PG: divers√£o sem fim e oportunidades de ganhar dinheiro."" Arsenal x PSV na Champions League: hor√°rio e onde assistir***** Arsenal e PSV se enfrentam, nesta quarta-feira, pela primeira rodada do Grupo B da Champions League. Atual vice-campe√£o da Premier League, o time ingl√™s retorna √† comüêØ ..."
1win b√¥nus casino como usar - F√≥rmulas e estrat√©gias de apostas ...,https://www.riogrande.rs.gov.br/saude/vigilancia-em-saude-do-trabalhador/?download=amor-2024-05-27.html,"jackpot blitz slots paga mesmo ""F√≥rmula de jogo de ca√ßa-n√≠queis PG: aumente suas chances de ganhar e ganhar dinheiro."" De volta Ô∏è pa Ô∏èra Ô∏è ca Ô∏èsa Ô∏è! CBF muda Ô∏è ta Ô∏èbela Ô∏è e Tombense reina Ô∏èugura Ô∏è Almeid√£o contra Ô∏è o Juventude *****"
ojogodobicho,https://ctpol.unb.br/2023/08/18/nota-de-partida-e-agradecimento-ana-thereza-nogueira-soares/?bicho/brazil-ojogodobicho-2024-05-260000.html,Confira nossas promo√ß√µes e b√¥nus para come√ßar a Slots Ca√ßa-Niqueis. ... ojogodobicho plinio bet- riogrande.rs.gov.br. Web25 de out. de 2023¬∑plinio betüé∞Mano Menezes n√£o ficar√° no banco de reservas do Corinthians contra o S√£o Paulo***** N√£o ser√° neste s√°bado a reestreia de Mano Menezes no banco de reservas do Corinthians ...
melhores sites de pesquisas remuneradas - tramandai.rs.gov.br,http://www.tramandai.rs.gov.br/melhores-sites-de-pesquisas-remuneradas.php?kw=melhores-sites-de-pesquisas-remuneradas&20240527,alano 3 slots download; quero trabalhar na internet; bet 3365; jogo que ganha dinheiro apostando; 166 bet; royal panda casino e confi√°vel; sites para apostar dinheiro; melhores casas de apostas com bonus; afiliado kto; melhores casas para surebet; NOT CIAS RECENTES
tabet - ctpol.unb.br,https://ctpol.unb.br/2023/08/18/nota-de-partida-e-agradecimento-ana-thereza-nogueira-soares/?bet/brazil-tabet-2024-05-280000.html,WebA F12 em parceria com a Pragmatic Play oferece uma promo√ß√£o exclusiva: jogue os melhores Slots na F12 e concorra a R$ 5.000 freespins por semana! F12 Fans - Jogue ‚Ä¶ Webpox bet.pox betüé∞Flamengo admite pegar Bahia com M√°rio Jorge no banco caso contrate Tite at√© o fim de semana***** O Flamengo segue avan√ßando casas para contratar Tite ...
resultadodojogodobicho,https://ctpol.unb.br/2023/08/18/nota-de-partida-e-agradecimento-ana-thereza-nogueira-soares/?bicho/brazil-resultadodojogodobicho-2024-05-250000.html,"resultadodojogodobicho pox bet- riogrande.rs.gov.br. ... Os minutos pagantes s√£o hor√°rios em que os jogos slots supostamente pagam mais, ent√£o os jogadores preferem jogar nessa hora espec√≠fica. Recentemente, muitos passaram a discutir sobre minutos em jogos online.Hoje, vamos explorar os hor√°rios pagantes e dizer as principais ..."
slots pagando no cadastro saque free - novapadua.rs.gov.br,https://novapadua.rs.gov.br/bak.php/ios=20240524jogo do pok.html,"slots pagando no cadastro saque free. slots pagando no cadastro saque freeüåü„ÄêBRAGBG.com„ÄëüåüReceba 100 BRL de gra√ßa, Pix SAQUE R√ÅPIDO. Seja bem-vindo ao melhor cassino online no Brasil, onde a divers√£o nunca tem fim. ÂÖ≥ÈîÆËØç √© um site popular de apostas online que oferece uma grande variedade de op√ß√µes para os jogadores"
online slots real money - novapadua.rs.gov.br,https://novapadua.rs.gov.br/bak.php/android=20240524m√¥naco x psg.html,"online slots real money oferece benef√≠cios exclusivos para jogadores online. A popular plataforma de apostas online, online slots real money, acaba de lan√ßar uma novidade emocionante: a introdu√ß√£o de uma vasta sele√ß√£o de slots online. Com essa nova adi√ß√£o, os jogadores ter√£o acesso a uma experi√™ncia de jogo inigual√°vel, repleta de ..."
o jogo da fruit paga mesmo - novapadua.rs.gov.br,https://novapadua.rs.gov.br/index.php/android=20240525jogos para trabalhar grandezas e medidas na educa√ß√£o infantil.html,"Outra vantagem √© a flexibilidade. Os jogadores podem desfrutar dos slots online da o jogo da fruit paga mesmo a qualquer hora e em qualquer lugar, atrav√©s de seus dispositivos m√≥veis. A plataforma √© totalmente responsiva e compat√≠vel com iOS e Android, fornecendo uma experi√™ncia de jogo conveniente e acess√≠vel para todos."
jogadores de atlas fc - novapadua.rs.gov.br,https://novapadua.rs.gov.br/index.php/app=20240525pcie slot.htm,"Outra vantagem √© a flexibilidade. Os jogadores podem desfrutar dos slots online da jogadores de atlas fc a qualquer hora e em qualquer lugar, atrav√©s de seus dispositivos m√≥veis. A plataforma √© totalmente responsiva e compat√≠vel com iOS e Android, fornecendo uma experi√™ncia de jogo conveniente e acess√≠vel para todos."
megaways slots - novapadua.rs.gov.br,https://novapadua.rs.gov.br/index.php/app=20240525trabalho para afastar rival.html,"megaways slotsüî•„ÄêBRAGBG.com„Äëüî•BRAGBG.com oferece o melhor dos populares jogos de cassino. Virtual, Ca√ßa-n√≠queis, Futebol, Poker, Crash, Roleta e Roda da Fortuna!"
melhores sites de slots - novapadua.rs.gov.br,https://novapadua.rs.gov.br/index.php/ios=20240525melhores jogos da lotof√°cil.html,"melhores sites de slots‚òØ„ÄêBRAGBG.com„Äë‚òØ Junte-se √† melhores sites de slots e ganhe um b√¥nus de primeiro dep√≥sito para novos jogadores e jogue os melhores jogos. Registre-se e n√£o perca essa chance! apostagahna. Voc√™ j√° ouviu falar em apostagahna? Se n√£o, prepare-se para entrar em um mundo de espanto e divers√£o que vai deixar voc√™ ..."
